Museum_Location,Registration Nr.,Length_Left_Maxillae,Length_Right_Maxillae,Rostrum_Length, Condylobasal_Length ,Width_Occipital_Condyles,Year,Date,Location,Country,Sex,Size (cm),Weight (kg),Life stage,Notes,,,
London,2021.805,21.779,22.172,8.914,22.032,7.600,1923,NA,Hemsby beach,England,NA,NA,NA,NA,,,,
London,1865.10.9.23,20.515,20.878,9.559,21.358,6.847,NA,NA,NA,NA,NA,NA,NA,NA,,,,
London,1846.12.15.6,18.595,18.496,8.770,23.771,5.256,1846,NA,NA,NA,NA,NA,NA,NA,purchased in 1846,,,
London,1867.4.12.204,22.495,22.876,10.645,27.678,6.004,1867,NA,Lidth de Jeude,Holland,NA,NA,NA,NA,purchased in 1897,,,
London,1897.7.30.1,19.050,19.518,9.624,22.037,7.289,NA,NA,"Monterey Bay, California",United States,NA,NA,NA,NA,,,,
London,1841.1.12.14,21.522,21.358,9.309,22.322,6.606,NA,NA,NA,NA,NA,NA,NA,NA,,,,
London,1868.3.19.4,24.131,24.330,11.951,25.146,7.474,1868,NA,Vancouver Island,Canada,NA,NA,NA,NA,purchased in 1868,,,
London,S.W.1916-18,19.795,19.569,9.057,22.095,7.877,NA,NA,"Skinningrove, Yorkshire",England,NA,NA,NA,NA,,,,
London,S.W.1916-4,NA,18.220,9.010,21.710,7.164,1916,NA,"Montrose, Forfar",Scotland,NA,NA,NA,NA,left maxilla is gone (skull incomplete),,,
London,1992.265,17.488,NA,8.839,19.167,5.760,1927,NA,Cullercoats,England,M,NA,NA,NA,right maxilla gone,,,
London,S.W.1929.13,21.247,21.399,9.938,23.593,6.937,1929,NA,"Lowestrost, Suffolk",England,F,NA,NA,NA,,,,
London,1.29.4.25,20.518,20.493,9.254,21.182,6.826,NA,NA,NA,NA,NA,NA,NA,NA,,,,
London,S.W.1926-29,23.224,23.471,10.628,22.659,7.305,NA,NA,"South shields, Durham",England,F,NA,NA,NA,,,,
London,1961.5.29.1,20.297,19.772,9.403,22.401,7.006,NA,NA,"20 miles east of Muckle Flugga, Shetlands",Scotland,NA,NA,NA,NA,,,,
London,1992.263,17.893,17.543,8.578,18.782,5.605,1912,NA,NA,NA,M,111.76 ,NA,NA,,,,
London,SW.1954-15,21.104,21.067,9.651,21.364,7.074,1954,NA,"Seaham, Durham",England,NA,172.72 ,NA,NA,,,,
London,SW.1928-49,24.202,24.430,11.116,24.409,7.785,1928,NA,"Greencastle, Antrim",Northern Ireland,M,NA,NA,NA,,,,
London,1981.910,17.342,15.651,7.321,17.543,5.883,NA,NA,"Bay of Creekland, Hoy, Orkney Island",Scotland,NA,NA,NA,NA,"right maxilla damaged, probably larger",,,
London,1965.3.30.1,22.699,22.189,9.803,22.036,6.766,1960,NA,"Mablethorpe, Lincolnshire",England,F,NA,NA,NA,,,,
London,S.W.1928-45,23.108,23.047,10.454,23.458,7.164,1928,NA,"Grimsby, Lincolnshire",England,NA,NA,NA,NA,"left maxilla rostrum, extrapolation possible",,,
London,1992.266,18.891,18.381,8.839,22.460,5.720,1923,NA,Hemsley Beach,England,NA,NA,NA,NA,very symmetrical looking skull,,,
London,SW.1928-50,22.836,22.158,10.015,23.842,7.703,NA,NA,NA,NA,NA,NA,NA,NA,skull looks symmetrical,,,
London,SW.1933-50,22.792,22.546,10.406,22.890,7.269,NA,NA,"Lyme Regis, Dorset",England,M,NA,NA,NA,,,,
London,SW.1934-32,20.447,20.828,9.253,21.210,6.546,NA,NA,"Ballycastle, Antrim",Northern Ireland,M,NA,NA,NA,,,,
London,SW.1934-14,22.428,21.826,10.250,23.462,8.329,1934,NA,"Hope Cove, Devon",England,F,NA,NA,NA,,,,
London,1989-483,19.263,19.981,9.498,20.456,6.296,1989,NA,St. Thomas's Hosp. M.S.,England,NA,NA,NA,NA,"looks almost like a different species, very distorted, lower jaw still attached thus dorsal measurement might be off",,,
London,SW.1934-51,21.722,21.982,10.011,22.162,7.622,1934,NA,"New Quay, Aberstwyth, Cardigan",Wales,F,160.02,NA,NA,,,,
London,SW.1933-15,22.795,23.259,10.289,22.812,7.405,NA,NA,"Aberstwyth, Cardigan",Wales,NA,NA,NA,NA,,,,
London,SW.1934-45,17.833,17.942,8.105,18.855,6.133,NA,NA,"Haverigg, Cumberland",England,M,NA,NA,NA,,,,
London,SW.1937-36,23.305,23.442,10.815,24.753,7.407,1937,NA,"Portreynon, Glamorgan",Wales,F,NA,NA,NA,,,,
London,SW.1934-43,22.145,22.477,10.301,23.502,7.481,NA,NA,"Heysham, Lancs.",England,F,NA,NA,NA,,,,
London,SW.1937-24,20.931,21.283,9.146,NA,NA,NA,NA,"Porthcawl, Glamorgan",Wales,F,NA,NA,NA,picture of ventral side too out of focus to get good measurements,,,
London,SW.1939-17,11.557,12.317,5.936,14.345,4.633,1939,NA,"Creetown, Kirkcudbright",Scotland,F,NA,NA,NA,"small looking skull, juvenile?",,,
London,SW.1939-15,21.867,22.618,10.480,23.642,6.768,1939,NA,"Winchelsea, Sussex",England,M,NA,NA,NA,"lower jaw still attached, thus the measurement might be off",,,
London,SW.1938-11,19.831,19.956,9.456,21.375,6.952,1938,NA,"Cromer, Norfolk",England,NA,NA,NA,NA,,,,
London,SW.1937-14,23.875,24.086,10.653,23.444,7.512,1937,NA,"Maryport, Cumberland",England,NA,NA,NA,NA,,,,
London,SW.1936-29,21.609,21.913,10.149,22.285,7.778,NA,NA,"Pembrey, Carmarthen",Wales,NA,NA,NA,NA,,,,
London,SW.1943-21,16.959,17.560,8.144,18.839,6.053,1943,NA,"Balmedie, Aberdeen",Scorland,F,NA,NA,NA,,,,
London,1992-85,18.196,18.244,8.866,21.260,5.759,NA,NA,NA,NA,NA,NA,NA,NA,"no history, ventral side pic very blurry (measurements could be off)",,,
London,1958.11.21.1,19.432,19.024,9.196,21.436,6.710,1948,NA,"Oldany Harbour, Lairg, Sutherland",Scotland,NA,NA,NA,NA,ventral pic blurry,,,
London,1992-86,21.130,21.591,10.008,23.915,7.511,NA,NA,NA,NA,NA,NA,NA,NA,"No history, found in collection",,,
London,1953.3.3.2,22.995,22.961,10.854,NA,NA,NA,NA,"Burnham on cronch, Essex",England,NA,NA,NA,NA,ventral side too blurry to measure,,,
London,1954.9.18.1,22.635,22.884,10.447,23.279,7.542,NA,NA,NA,NA,NA,NA,NA,NA,No history,,,
London,1965.3.30.2,18.833,19.237,9.052,20.615,6.194,1960,NA,"St. Leonards, Sussex",England,M,NA,NA,NA,,,,
London,1951.12.14.1,22.496,22.371,11.198,24.467,7.669,NA,NA,Port Etienne,Mauritiana,M,NA,NA,NA,,,,
London,1950.9.19.1,21.383,21.427,10.007,23.510,7.412,1950,NA,"Maryport, Cumberland",England,M,NA,NA,NA,,,,
London,SW.1956-11,19.677,20.053,8.882,20.696,6.490,1956,NA,"Kingsgate Bay, Kent",England,M,NA,NA,NA,right maxilla slightly broken,,,
London,SW.1965.36,19.173,NA,8.549,19.814,6.557,NA,NA,"Gibraltar Point, Lincolnshire",England,NA,NA,NA,NA,right maxilla too broken to measure,,,
London,SW.1950-28,21.444,21.579,9.720,22.924,6.963,1950,NA,"Gorleston, Suffolk",England,F,NA,NA,NA,,,,
London,365,21.958,22.475,10.039,22.210,6.885,NA,NA,"Polperro, Cornwall",England,NA,NA,NA,NA,"ventral pics are blurry, thus measurements might be inaccurate",,,
Rotterdam,9990-01450,17.628,NA,8.545,21.512,5.412,2002,2002-03-14,"Zuid-Holland, Wassenaar",Netherlands,NA,NA,NA,NA,Right maxilla broken,,,
Rotterdam,9990-002886,17.966,17.932,8.600,21.555,5.795,NA,NA,Dutch coast,Netherlands,M,NA,NA,NA,wonky looking,,,
Rotterdam,9990-01430,20.463,20.274,9.626,24.275,6.708,2003,2003-12-23,Grote Keeten,Netherlands,NA,NA,NA,NA,deformed or broken on the side,,,
Rotterdam,9990-01427,20.277,20.434,9.589,24.395,6.069,2002,2002-04-29,"Zeeland, Schouwen-Duiveland, Oosterschelde",Netherlands,NA,NA,NA,NA,Right rostrum end slightely broken off,,,
Rotterdam,9990-01428,21.615,21.481,10.255,25.419,7.161,2001,2001-03-24,Noord-Holland,Netherlands,M,NA,NA,NA,,,,
Rotterdam,9990-01425,20.765,20.854,9.784,24.395,6.852,1999,1999-12-02,"Noord-Holland, Callantsoog",Netherlands,F,MA,NA,NA,,,,
Rotterdam,9990-0162,20.103,20.365,9.740,25.230,7.272,1976,1976-12-00,"Noord-Holland, Texel, De Hors",Netherlands,NA,NA,NA,NA,,,,
Rotterdam,9990-0327,22.264,22.510,10.503,26.869,7.474,1979,1979-01-00,"Zuid-Holland, Waassenaarse Slag",Netherlands,NA,NA,NA,NA,,,,
Rotterdam,9990-0318,19.451,19.207,9.367,23.611,6.556,1998,1998-05-05,"Zuid-Holland, Waassenaarse Slag",Netherlands,F,123.0,23.0,NA,,,,
Rotterdam,9990-0312,19.066,18.717,9.134,22.696,7.024,NA,NA,"Friesland, Vlieland",Netherlands,M,140.0,NA,adult,,,,
Rotterdam,9990-0311,22.551,2.331,10.438,25.856,6.592,1988,1988-02-28,"Friesland, Terschelling",Netherlands,M,115,22.0,juvenile,,,,
Rotterdam,9990-0317,15.807,15.825,7.582,19.436,5.913,1993,1993-04-00,"North Sea, southern parts",Netherlands,F,NA,NA,juvenile,,,,
Rotterdam,9990-0316,20.195,20.705,9.624,25.309,7.060,1998,1998-01-23,"North Sea, southern parts",Netherlands,F,154,NA,adult,with fetus,,,
Rotterdam,9990-0315,20.344,20.840,9.937,25.649,6.356,1978,1978-08-08,"Vlieland, Vliehors",Netherlands,NA,NA,NA,adult,,,,
Rotterdam,9990-0319,21.927,22.176,10.629,25.925,6.925,1988,1988-03-18,"Friesland, Vlieland",Netherlands,M,115,24,juvenile,,,,
Rotterdam,9990-0321,19.597,19.432,9.487,25.046,6.861,1997,1997-00-00,North Sea,Netherlands,NA,NA,NA,NA,,,,
Rotterdam,9990-0322,19.531,19.580,9.372,23.091,6.067,1998,1998-01-03,"Noord-Holland, Egmond aan Zee",Netherlands,M,115,20,NA,,,,
Rotterdam,9990-0320,19.282,19.517,8.834,23.423,6.268,1988,1988-11-18,"Zuid-Holland, Katwijk",Netherlands,M,130,30,adult,,,,
Rotterdam,9990-0295,18.675,18.680,8.842,22.632,6.735,1999,1999-01-22,"North Sea, bycatch 10km from the west side of West Kapelle",Netherlands,M,117,19,juvenile,called subadult,,,
Rotterdam,9990-0165,22.059,22.602,11.012,26.687,7.054,1996,1996-02-25,"Noord-Holland, Bloemendaal",Netherlands,F,162,51.5,adult,with fetus,,,
Rotterdam,9990-0299,19.694,19.924,9.222,23.765,6.300,1997,1997-03-22,"Zuid-Holland, Hoek van Holland",Netherlands,F,113.5,20,juvenile,,,,
Rotterdam,9990-0296,21.032,20.890,9.836,24.386,6.818,1999,1999-02-19,"North Sea, south Steenbank",Netherlands,F,122,24.8,NA,,,,
Rotterdam,9990-0297,20.707,20.732,9.487,24.082,6.502,1999,1999-01-16,"Zeeland, Zeeuws-Vlaanderen",Netherlands,F,146.5,40,adult,,,,
Rotterdam,9990-0301,NA,NA,NA,15.073,5.115,NA,NA,"North Sea, Dutch coast",Netherlands,F,85,12,NA,"fragmented skull, only occipital condyles measureable, I attempted to get condybasal length too but rostrum not complete",,,
Rotterdam,9990-0300,20.303,20.937,10.002,25.585,5.959,1999,1999-06-26,North Sea,Netherlands,NA,NA,NA,NA,,,,
Rotterdam,9990-0303,18.929,19.203,8.931,24.363,6.825,1999,1999-05-07,"Zuid-Holland, Meyendaalse Slag",Netherlands,NA,NA,NA,NA,,,,
Rotterdam,9990-0302,21.804,21.725,9.828,26.239,7.151,1999,1999-01-24,"Zeeland, Burgluis",Netherlands,F,NA,NA,adult,weirdly slim skull,,,
Rotterdam,9990-01403,19.964,20.356,9.462,24.095,6.025,2000,2000-03-07,"Zuid-Holland, Wassenaarse Slag",Netherlands,NA,NA,NA,NA,,,,
Rotterdam,9990-01404,20.796,20.544,9.913,25.139,6.938,1999,1999-11-05,"Noord-Holland, Den Helder",Netherlands,NA,NA,NA,NA,,,,
Rotterdam,9990-01507,20.113,20.334,9.821,NA,NA,1993,1993-04-00,North Sea,NA,NA,NA,NA,NA,"broken skull, no condyles, maxilla could be longer",,,
Rotterdam,9990-01505,20.690,21.656,10.275,25.783,7.104,1993,1993-06-00,North Sea,United Kingdom,NA,NA,NA,NA,,,,
Rotterdam,9990-01508,19.225,19.032,9.116,23.494,6.541,NA,NA,North Sea,United Kingdom,NA,NA,NA,NA,,,,
Rotterdam,9990-01511,22.191,22.142,9.904,25.687,6.691,1993,1993-06-00,North Sea,NA,NA,NA,NA,NA,,,,
Rotterdam,9990-01512,21.063,21.630,10.432,23.538,NA,1993,1993-06-00,North Sea,United Kingdom,NA,NA,NA,NA,condyles broken off,,,
Rotterdam,9990-01509,21.854,21.941,11.073,NA,NA,1993,1993-04-00,North Sea,NA,NA,NA,NA,NA,"condyles missing, no pic of dorsal side",,,
Rotterdam,9990-01510,19.366,18.619,9.338,22.973,7.251,1993,1993-04-00,North Sea,NA,NA,NA,NA,NA,,,,
Rotterdam,9990-01513,NA,NA,10.026,NA,NA,NA,NA,NA,NA,NA,NA,NA,NA,"broken skull, only rostrum there",,,
Rotterdam,9990-01506,20.042,20.924,10.013,NA,NA,1993,1993-04-00,North Sea,United Kingdom,NA,NA,NA,NA,"broken skull, only rostrum and maxilla available",,,
Rotterdam,9990-1360,NA,NA,NA,NA,5.982,1995,1995-04-02,"Noord-Holland, Den Helder",Netherlands,NA,NA,NA,NA,only condyles available,,,
Rotterdam,9990-1359,20.906,21.311,9.672,25.201,7.513,1995,1995-11-25,"Zuid-Holland, Scheveningen",Netherlands,F,NA,49.5,NA,,,,
Rotterdam,9990-1354,17.739,17.980,8.316,20.609,5.905,2001,2001-04-15,"Netherlands, Groningen",Netherlands,F,NA,17.0,NA,,,,
Rotterdam,9990-1343,16.319,16.447,7.807,20.012,5.736,2001,2001-04-05,"Friesland, Terschelling",Netherlands,M,NA,14.0,NA,,,,
Rotterdam,9990-1350,NA,NA,NA,17.792,6.298,2000,2000-08-21,"Friesland, Vlieland",Netherlands,NA,NA,NA,NA,,,,
Rotterdam,9990-1344,21.086,20.930,9.753,25.242,7.130,2000,2000-06-27,"Zeeland, Zuid-Beveland",Netherlands,NA,NA,NA,NA,,,,
Rotterdam,9990-1358,17.507,17.894,8.659,21.988,5.931,NA,NA,"Noord-Holland, Zandvoort",Netherlands,NA,NA,NA,NA,,,,
Rotterdam,9990-1353,21.179,21.287,10.145,24.691,6.726,NA,NA,"Friesland, Harlingen",Netherlands,M,NA,48.0,NA,,,,
Rotterdam,9990-1355,NA,NA,NA,23.014,5.976,2000,2000-01-26,"Friesland, Vlieland",Netherlands,F,NA,23.8,NA,ventral side pic missing,,,
Rotterdam,9990-1405,17.719,18.034,8.785,22.061,5.608,2000,2000-03-24,"Zuid-Holland, Noordwijk aan Zee",Netherlands,NA,NA,NA,NA,,,,
Rotterdam,9990-1408,16.461,16.721,7.914,20.306,5.637,2000,2000-02-10,"Noord-Holland, Egmond aan Zee",Netherlands,NA,NA,NA,NA,,,,
Rotterdam,9990-1409,17.112,17.249,8.178,21.520,5.654,2000,2000-02-24,"Zuid-Holland, Noordwijk aan Zee",Netherlands,NA,NA,NA,NA,,,,
Rotterdam,9990-0319,15.807,15.992,7.529,19.607,5.587,1988,1988-03-18,"Friesland, Vlieland",Netherlands,M,115,24.0,juvenile,,,,
Rotterdam,9990-0328,19.517,19.469,9.067,21.854,6.220,1998,1998-07-16,"Noord-Holland, (Strand) Petten",Netherlands,F,104.5,15.0,juvenile,,,,
Rotterdam,9990-0324,21.976,21.831,10.473,26.337,6.745,1997,1997-03-26,"Zeeland, Walcheren, Zoutelande",Netherlands,NA,NA,NA,NA,"rostrum a bit broken, condylosbasal length and rostrum length a bit smaller due to damage",,,
Rotterdam,9990-0336,21.494,21.858,10.407,25.595,7.550,1999,1999-02-12,"Zuid-Holland, Hoek van Holland",Netherlands,M,119,26.0,juvenile,,,,
Rotterdam,9990-0332,19.683,20.144,9.124,23.724,6.546,1998 ,1998 (summer),Nederlands kust (exact location unknown),Netherlands,F,138,31,adult,,,,
Rotterdam,9990-0331,19.039,19.444,9.469,23.432,6.947,1997,1997-03-03,"Noord-Holland, Egmond aan Zee",Netherlands,M,139,33,adult,,,,
Rotterdam,9990-0330,18.604,18.686,8.941,22.505,5.754,1997,1997-02-25,North Sea,NA,NA,NA,NA,NA,,,,
Rotterdam,9990-0404,21.605,22.066,10.207,25.783,7.202,1998,1998-01-29,"Texel, De Hors",Netherlands,F,153,42.0,adult,,,,
Rotterdam,9990-0405,20.795,20.430,10.128,24.705,6.671,1998,1998-03-19,Katwijk aan Zee,Netherlands,F,124,30.5,juvenile,called subadult,,,
Rotterdam,9990-0409,21.450,22.076,10.493,26.258,7.353,1998,1998-08-25,Monster,Netherlands,F,151,35.0,adult,,,,
Rotterdam,9990-0406,19.855,20.219,9.123,23.510,6.602,1999,1999-02-03,Terheijde,Netherlands,M,131,22.0,adult,,,,
Rotterdam,9990-3026,20.966,21.637,10.031,25.553,6.868,2002,2002-10-05,Zeehondencreche,Netherlands,M,136,33.94,NA,,,,
Rotterdam,9990-0341,21.045,21.375,10.537,25.830,6.688,1998,1998-10-29,Castricum Strandpaal,Netherlands,F,154,45.4,adult,,,,
Rotterdam,9990-0343,21.911,22.010,10.882,27.116,6.898,1999,1999-07-28,"Camperduin, Noord-Holland",Netherlands,M,147,40.0,adult,,,,
Rotterdam,9990-0342,20.305,20.429,9.527,23.982,6.686,1997,1997-12-14,"Noord-Holland, Texel, De Hors",Netherlands,M,142,40.0,adult,,,,
Rotterdam,9990-1339,19.168,19.556,9.648,22.849,6.082,1999,1999-03-4,"Noord-Holland, Texel",Netherlands,F,116,28.5,NA,,,,
Rotterdam,9990-1338,22.541,22.347,10.250,25.918,7.077,2001,2001-09-08,"Noord-Holland, Egmond aan Zee",Netherlands,NA,NA,NA,NA,,,,
Rotterdam,9990-1361,21.653,21.669,9.939,25.642,7.197,1996,1996-11-00,"Zuid-Holland, Goeree, Goedereede",Netherlands,NA,NA,NA,NA,,,,
Rotterdam,9990-1401,16.145,15.945,7.711,20.155,6.249,1996,1996-06-24,Schoorl,Netherlands,NA,NA,NA,NA,,,,
Rotterdam,9990-1400,22.133,21.596,10.616,26.218,6.904,1999,1999-01-22,10km north of West Kapelle,Netherlands,NA,NA,NA,NA,,,,
Rotterdam,9990-0337,21.281,21.043,10.076,25.796,7.028,1999,1999-10-01,"Maasvlakte, Slufterstrands",Netherlands,M,149,39.0,adult,,,,
Rotterdam,9990-0339,19.662,19.054,9.571,24.751,6.593,1999,1999-01-16,Egmond aan Zee,Netherlands,M,NA,22.5,NA,,,,
Rotterdam,9990-0340,21.546,21.539,10.405,25.419,6.574,1998,1998-03-15,"Zeeland, Schouwen-Duiveland, Renesse",Netherlands,F,141,31.0,adult,,,,
Rotterdam,9990-0407,21.230,21.669,9.941,25.840,6.948,1998,1998-07-21,Brouwersdam,Netherlands,F,152,41.0,adult,,,,
Rotterdam,9990-0408,23.440,23.559,11.683,27.579,7.429,1998,1998-03-17,Egmond aan de Zee,Netherlands,NA,NA,NA,NA,,,,
Rotterdam,9990-3035,21.891,22.380,10.218,26.054,7.147,2000,2000-00-00,Dutch Coast,Netherlands,M,NA,NA,NA,,,,
Rotterdam,9990-0348,NA,NA,NA,NA,6.370,1992,1992-04-09,Norre Vorupor,Denmark,NA,NA,NA,juvenile,"rostrum broken, so no measurements for most of these characters",,,
Rotterdam,9990-0345,18.404,18.590,8.193,21.760,6.326,1991,1991-07-16,"Jutland, Thy, Lyngby, S of Stenberg",Denmark,NA,NA,NA,NA,,,,
Rotterdam,9991-1351,21.221,20.720,9.977,25.517,7.149,2001,2001-06-28,"Friesland, Vlieland",Netherlands,NA,NA,NA,NA,,,,
Rotterdam,9990-1349,22.118,22.529,10.767,26.376,7.304,1999,1999-12-26,"Zeeland, Tholen, St Maartendijk",Netherlands,NA,NA,NA,NA,,,,
Rotterdam,9990-1341,15.670,15.910,7.879,20.743,5.872,2001,2001-04-05,"Friesland, Terschelling",Netherlands,NA,NA,NA,NA,,,,
Rotterdam,9990-1340,20.654,21.391,9.829,24.919,7.183,NA,NA,"Groningen, Schiermonnikoog",Netherlands,M,NA,30.0,NA,,,,
Rotterdam,9990-1342,20.927,21.170,10.010,25.415,7.403,2001,2001-08-29,"Friesland, Moddergat",Netherlands,NA,NA,NA,NA,,,,
Rotterdam,9990-0168,22.837,22.807,11.967,29.265,7.830,1995,1995-02-00,"Noukchott, Mauritania, West Africa",Mauritania,NA,NA,NA,NA,,,,
Rotterdam,9990-3681,24.034,23.878,11.860,28.758,7.627,2017,2017-10-00,"Sogn og Fjordane, Gulen, Eidsfjorden",Norway,F,NA,NA,NA,NMR999000003681,,,
Rotterdam,9990-2869,18.637,18.795,8.508,21.635,6.478,2002,2002-02-06,"Zuid-Holland, 's-Gravenzande",Netherlands,M,NA,NA,NA,,,,
Rotterdam,9990-0160,21.117,21.120,9.882,24.294,6.405,1991,1991-07-17,"Jutland, Thy, Lyngby, S of Stenbjerg",Denmark,NA,NA,NA,NA,,,,
Rotterdam,9990-0220,21.794,21.962,10.399,26.173,7.475,1994,1994-09-17,"Wine Strand, Sybil point, Dingle",Ireland,F,145,NA,NA,,,,
Rotterdam,9990-0159,21.274,21.622,10.589,25.393,6.629,1991,1991-07-17,"Jutland, Thy, Vangsa, S of Klitmoller",Denmark,F,166,NA,adult,,,,
Rotterdam,9990-1429,20.736,20.571,9.287,24.728,7.365,2003,2003-12-26,"Dutch coast, beachmarker 31",Netherlands,F,157,NA,NA,,,,
Rotterdam,9990-0164,21.937,22.222,10.914,26.182,7.625,1991,1991-03-00,Dutch coast,Netherlands,F,NA,NA,adult,,,,
Rotterdam,9990-0349,22.741,22.693,10.837,26.099,7.291,1994,1994-06-28,"Great Britain, Isle of Lewis, Outer Hebrids, Cross Sands, Batts",Scotland,M,NA,NA,adult,,,,
Rotterdam,9990-0346,19.992,19.191,8.479,22.817,5.983,1992,1992-04-09,"Jutland, Thy, Vangsa, S of Klitmoller",Denmark,NA,NA,NA,juvenile,,,,
Rotterdam,9990-0344,19.185,19.146,9.409,23.480,6.632,1995,1995-08-15,"Jutland, Gronhoj",Denmark,M,121,NA,adult,,,,
Rotterdam,9990-0163,19.754,19.772,9.767,23.694,6.295,1993,1993-04-01,"Jerup strand, Albaek bugt",Denmark,M,NA,NA,juvenile,,,,
Rotterdam,9990-3115,18.198,18.682,8.548,22.563,6.586,2013,2013-01-06,"Zuid-Holland, Goeree, Kwade Hoek",Netherlands,NA,NA,NA,NA,,,,
Rotterdam,9990-1346,16.893,16.917,8.103,20.831,5.705,1999,1999-04-19,"Zuid-Holland, Kijkduin",Netherlands,NA,103,14.0,NA,,,,
Rotterdam,9990-1486,20.993,21.221,9.671,24.953,7.070,1993,1993-06-00,North Sea,NA,NA,NA,NA,NA,,,,
Rotterdam,9990-1479,19.759,19.735,8.979,23.106,6.426,1992,1992-08-00,North Sea,NA,NA,NA,NA,NA,,,,
Rotterdam,9990-1357,18.550,18.254,9.145,21.733,6.342,1999,1999-02-28,Westerschelde,Netherlands,F,NA,NA,NA,,,,
Edinburgh,1993.73.18,17.685,17.865,8.412,22.172,6.470,1991,1991-02-18,"Bridlington Bay, Yorkshire, England, Northern Europe",England,M,103.0,NA,juvenile,"lat: 54,058219, long: -0.183493
",,,
Edinburgh,1993.114.2,21.087,20.801,9.581,24.583,7.498,1993,1993-03-07,"Formby Point, Lancashire, England, Northern Europe",England,M,132.0,NA,adult,"lat: 53,550906, long: -3.106314
",,,
Edinburgh,1993.114.3,22.123,21.544,10.274,26.587,7.453,1993,1993-03-16,"SH358673, Bodorgan Head, Anglesey, Wales, Northern Europe",England,F,144.0,NA,subadult,"left maxilla grows weirdly, thus its higher than the right.lat:53,177399, long:-4.458393, ",,,
Edinburgh,1993.73.14,17.309,17.614,8.218,21.623,6.453,1991,1991-03-09,"Amble, Northumberland, England, Northern Europe",England,M,0.940,NA,juvenile,"lat: 55,335418, long: -1.570201",,,
Edinburgh,1993.73.17,17.674,17.630,8.239,22.478,6.335,1991,1991-03-13,"Seahouses, Northumberland, England, Northern Europe",England,M,111.0,NA,juvenile,"lat: 55,594709, long: -1.679443",,,
Edinburgh,1993.73.16,20.129,20.414,8.834,24.644,6.846,1991,1991-06-10,"Llandwg beach, Gwynedd, Wales, Northern Europe",Wales,M,127.0,NA,subadult,"lat:52,835366, long: -4.128378",,,
Edinburgh,1994.55.15,17.573,17.679,7.602,23.925,7.488,1994,1994-02-18,"Gosford, East Lothian, Scotland, Northern Europe",Scotland,F,112.0,NA,juvenile,"rostrum slightely broken, lat: 55,999413, long: -2.885823",,,
Edinburgh,1994.55.16,20.652,20.744,9.509,26.005,7.785,1994,1994-05-13,"Lossiemouth, Morayshire, Scotland, Northern Europe",Scotland,NA,150.0,NA,adult,"lat:57,711326, long:-3.260697",,,
Edinburgh,1994.55.23,19.654,19.248,8.907,24.971,7.126,1994,1994-02-25,"Blackness, West Lothian, Scotland, Northern Europe",Scotland,M,NA,NA,juvenile,"lat: 56,006209, long: -3.529526",,,
Edinburgh,1994.55.24,20.194,20.225,8.086,23.434,7.306,1994,1994-08-22,"Cromarty, Ross and Cromarty, Scotland, Northern Europe",Scotland,NA,NA,NA,juvenile,"lat: 57,677019, long: -3.993426",,,
Edinburgh,1994.55.25,17.565,17.438,8.216,22.132,6.688,1994,1994-05-24,"Holy Island, Northumberland, England, Northern Europe",England,F,107.0,NA,juvenile,"lat: 55,681346, long: -1.812473",,,
Edinburgh,1994.55.8,18.169,18.201,8.402,22.994,7.120,1994,1994-02-23,"Fraserburgh, Aberdeenshire, Scotland, Northern Europe",Scotland,NA,NA,NA,juvenile,"lat: 57,661614, long:-1.910960",,,
Edinburgh,1994.55.9,18.719,18.461,8.111,24.024,7.970,1994,1994-04-02,"Burghead, Morayshire, Scotland, Northern Europe",Scotland,NA,NA,NA,juvenile,"lat: 57,703402, long: -3.487501",,,
Edinburgh,1994.55.11,22.629,22.577,10.603,28.297,8.057,1994,1994-07-28,"Fortrose, Ross and Cromarty, Scotland, Northern Europe",Scotland,F,154.0,NA,adult,"lat: 57,573927, long: -4.096774",,,
Edinburgh,1994.55.12,19.847,19.429,8.463,21.982,6.617,1994,1994-04-23,"Ardersier, Inverness-shire, Scotland, Northern Europe",Scotland,M,106.0,NA,juvenile,"lat: 57,561338, long: -4.042552
",,,
Edinburgh,1994.55.13,20.310,20.308,9.186,25.207,7.703,1994,1994-07-01,"Strone, Argyll, Scotland, Northern Europe",Scotland,M,138.0,NA,subadult,"rostrum slightely broken, lat:55,986645, long: -4.900571",,,
Edinburgh,1994.55.14,19.162,19.450,8.855,23.738,7.618,1994,1994-05-30,"North Kessock, Ross and Cromarty, Scotland, Northern Europe",Scotland,NA,120.0,NA,juvenile,"lat:57,51036, long: -4.225649",,,
Edinburgh,1994.54.49,21.274,21.001,10.003,25.937,7.530,1994,1994-02-04,"Salcombe, Devon, England, Northern Europe",England,M,136.0,NA,subadult,"lat: 50,231896, long: -3.773113",,,
Edinburgh,1994.54.50,21.760,21.622,10.732,28.291,7.957,1994,1994-03-11,"Newlyn, Cornwall, England, Northern Europe",England,M,144.0,NA,adult,"lat:NA, long:NA",,,
Edinburgh,1994.55.4,23.208,23.262,10.682,27.025,8.369,1993,1993-09-20,"Churchill Barrier 3, Orkney, Scotland, Northern Europe",Scotland,F,NA,NA,adult,"lat: 58,872902, long: -2.913035",,,
Edinburgh,1994.55.5,19.478,19.282,8.894,25.656,7.601,1994,1994-02-11,"Graemeshall, Orkney, Scotland, Northern Europe",Scotland,NA,NA,NA,adult,"lat: 58,900022, long: -2.887717",,,
Edinburgh,1994.55.6,19.883,19.872,8.558,25.023,7.621,1994,1994-03-07,"Shandwick Bay, Ross and Cromarty, Scotland, Northern Europe",Scotland,M,138.0,NA,adult,"lat:57,753388, long: -3.913044
",,,
Edinburgh,1994.55.7,19.986,19.895,8.618,23.869,7.470,1994,1994-03-31,"Fortrose, Ross and Cromarty, Scotland, Northern Europe",Scotland,F,112.0,NA,juvenile,"lat: 57,578487, long: -4.119615",,,
Edinburgh,1994.54.27,NA,20.800,9.947,25.469,7.032,1994,1994-07-09,"Borth, Dyfed, Wales, Northern Europe",Wales,M,145.0,NA,adult,"left rostrum/maxilla broken, lat: 52,489042, long: -4.052272",,,
Edinburgh,1994.54.28,14.907,14.789,6.706,19.246,6.963,1994,1994-06-14,"Crosby, Merseyside, England, Northern Europe",England,M,99.0,NA,juvenile,"lat:53,478254, long: -3.044585",,,
Edinburgh,1994.54.29,19.612,19.298,9.251,25.554,7.155,1994,1994-03-31,"Borth, Dyfed, Wales, Northern Europe",Wales,M,139.0,NA,adult,"lat: 52,489042, long: -4.052272",,,
Edinburgh,1994.54.46,21.284,22.011,9.947,26.657,8.178,1994,1994-01-23,"Penbryn, Dyfed, Wales, Northern Europe",Wales,F,160.0,NA,adult,"left rostrum slightely broken, lat: 52,143381, long: -4.498944",,,
Edinburgh,1994.54.47,23.717,23.673,10.589,29.062,8.390,1994,1994-02-20,"Salcombe, Devon, England, Northern Europe",England,F,160.0,NA,adult,"lat: 50,231896, long: -3.773113",,,
Edinburgh,1994.54.48,19.335,19.106,8.903,23.625,6.605,1994,1994-03-01,"Framilode, Gloucestershire, England, Northern Europe",England,M,123.0,NA,juvenile,"lat: 51,792096, long: -2.365572",,,
Edinburgh,1994.54.21,21.197,20.803,9.357,27.398,7.734,1994,1994-03-16,"Borth, Dyfed, Wales, Northern Europe",Wales,F,148.0,NA,adult,"lat:52,489042, long: -4.052272",,,
Edinburgh,1994.54.22,19.033,19.305,9.303,24.719,7.170,1994,1994-05-25,"Saundersfoot, Dyfed, Wales, Northern Europe",Wales,F,136.0,NA,subadult,"lat:51,71104, long: -4.696943",,,
Edinburgh,1994.54.23,20.635,20.821,9.146,25.838,7.097,1994,1994-08-04,"Barmouth, Gwynedd, Wales, Northern Europe",Wales,M,149.0,NA,adult,"lat:52,721847, long: -4.062404",,,
Edinburgh,1994.54.24,21.859,22.144,9.997,25.140,7.445,1994,1994-07-10,"Criccieth, Gwynedd, Wales, Northern Europe",Wales,M,152.0,NA,adult,"lat:52,917059, long: -4.230799",,,
Edinburgh,1994.54.25,19.462,19.360,8.792,22.828,7.002,1994,1994-06-02,"Tywyn, Gwynedd, Wales, Northern Europe",Wales,M,120.0,NA,juvenile,"lat: 52,582085, long: -4.100151",,,
Edinburgh,1994.54.26,NA,17.616,8.375,22.348,NA,1994,1994-05-06,"Port Talbot, West Glamorgan, Wales, Northern Europe",Wales,M,122.0,NA,juvenile,"only half a skull, lat: 51,577091, long: -3.800918",,,
Edinburgh,1994.54.15,18.024,17.932,8.157,22.471,6.796,1994,1994-04-28,"Bridlington, Humberside, England, Northern Europe",England,M,117.0,NA,juvenile,"lat:54,082495, long:-0.186421",,,
Edinburgh,1994.54.16,24.639,24.654,11.583,29.541,7.503,1994,1994-04-10,"Morfar Dyffryn, Gwynedd, Wales, Northern Europe",Wales,F,167.0,NA,adult,"lat:52,794352, long: -4.137616",,,
Edinburgh,1994.54.17,20.424,20.704,9.258,25.098,6.963,1994,1994-03-04,"Westward Ho!, Devon, England, Northern Europe",England,M,127.0,NA,juvenile,"lat: 51,047596, long: -4.240010",,,
Edinburgh,1994.54.18,17.737,17.769,8.548,21.932,6.191,NA,NA,"Westward Ho!, Devon, England, Northern Europe",England,M,105.0,NA,juvenile,"lat:51,047596, long: -4.240010",,,
Edinburgh,1994.54.19,19.082,18.948,8.484,25.661,7.220,1993,1993-12-07,"Clarach, Aberystwyth, Dyfed, Wales, Northern Europe",Wales,M,142.0,NA,adult,"lat:52,434523, long: -4.080376",,,
Edinburgh,1994.54.20,NA,NA,NA,NA,8.646,1993,1993-07-19,"Ferryside, Dyfed, Wales, Northern Europe",Wales,F,163.0,NA,adult,"rostrum broken, thus not measured, also no maxilla measured, lat:51,768361, long: -4.371027",,,
Edinburgh,1994.13.27,NA,NA,NA,NA,6.889,1993,1993-10-01,"Balintore, Ross and Cromarty, Scotland, Northern Europe",Scotland,F,102.0,NA,juvenile,"broken skull, no real rostrum, thus not measured much, lat: 57,752901, long:-3.915540",,,
Edinburgh,1994.13.28,22.535,22.610,10.384,27.794,7.748,1994,1994-01-07,"Nairn, Nairnshire, Scotland, Northern Europe",Scotland,F,160.0,NA,adult,"lat: 57,58782, long:-3.900160",,,
Edinburgh,1994.13.29,17.253,17.035,7.550,21.148,6.098,1993,1993-11-15,"Weaver's Point, North Uist, Scotland, Northern Europe",Scotland,M,107.0,NA,juvenile,"lat: 57,610334, long: -7.105652",,,
Edinburgh,1994.32.2,NA,NA,NA,NA,6.468,1993,1993-09-22,"Hushinish, Harris, Inverness-shire, Scotland, Northern Europe",Scotland,F,NA,NA,juvenile,"broken skull, no real rostrum, thus not measured a lot of the characters. lat: 57,994936, long: -7.092732
",,,
Edinburgh,1994.37,20.330,20.575,9.789,25.582,7.504,1992,1992-00-11,"Ailsa Craig, Ayrshire, Scotland, Northern Europe",Scotland,NA,NA,NA,adult,"lat:55,251871, long:-5.107216",,,
Edinburgh,1995.112.9,19.222,19.446,9.048,24.392,6.856,1995,1995-03-05,"Aberystwyth, Dyfed, Wales, Northern Europe",Wales,M,134.0,NA,subadult,"lat:NA, long: NA",,,
Edinburgh,1995.112.10,22.129,NA,10.454,26.757,NA,1995,1995-02-22,"Pembrey, Dyfed, Wales, Northern Europe",Wales,F,123.0,NA,adult,"half a skull, lat:NA, long:NA",,,
Edinburgh,1995.112.11,19.009,NA,8.331,23.197,NA,1995,1995-02-16,"Pembrey, Dyfed, Wales, Northern Europe",Wales,M,127.0,NA,subadult,"half a skull, lat:NA, long:NA",,,
Edinburgh,1995.112.12,20.938,NA,9.643,25.032,NA,1995,1995-04-11,"Leasowe, Wirral, England, Northern Europe",England,M,128.0,NA,subadult,"half a skull, lat:NA, long:NA",,,
Edinburgh,1995.112.13,17.942,17.740,8.028,22.504,6.743,1995,1995-04-14,"Porthcawl - probably, Glamorgan, Wales, Northern Europe",Wales,F,107.0,NA,juvenile,"lat:NA, long: NA",,,
Edinburgh,1995.112.14,18.784,18.759,8.488,22.595,6.850,1995,1995-04-20,"Llanon, Dyfed, Wales, Northern Europe",Wales,M,114.0,NA,juvenile,"lat:NA, long:NA",,,
Edinburgh,1995.112.5,21.302,21.218,10.155,27.195,7.425,1995,1995-02-03,"Pendine, Dyfed, Wales, Northern Europe",Wales,M,171.0,NA,adult,"lat:NA, long:NA",,,
Edinburgh,1995.112.6,22.422,22.227,10.000,27.862,8.535,1995,1995-02-24,"Dinas Dinlle, Gwynedd, Wales, Northern Europe",Wales,F,163.0,NA,adult,"lat:NA, long:NA",,,
Edinburgh,1995.112.7,19.015,19.029,9.054,24.802,7.173,1995,1995-02-24,"Dinas Dinlle, Gwynedd, Wales, Northern Europe",Wales,F,125.0,NA,juvenile,"lat:NA, long:NA",,,
Edinburgh,1995.112.8,21.069,20.904,9.275,25.261,7.146,1995,1995-03-06,"Aberdyfi, Gwynedd, Wales, Northern Europe",Wales,M,143.0,NA,adult,"lat:NA, long:NA",,,
Edinburgh,1995.40.9,23.359,23.394,10.813,28.955,8.096,1994,1994-12-03,"Marazion, Cornwall, England, Northern Europe",England,F,176.0,NA,adult,"lat: 50,128769, long: -5.491622",,,
Edinburgh,1995.40.24,19.853,19.732,9.267,24.805,7.207,1993,1993-11-29,"Perran Sands, Cornwall, England, Northern Europe",England,F,131.0,NA,subadult,"lat:50,35908, -5.15209",,,
Edinburgh,1995.60,19.620,19.879,8.871,24.704,7.158,NA,NA,NA,NA,NA,NA,NA,NA,"lat: NA, long:NA",,,
Edinburgh,1995.93.4,22.777,22.399,10.011,27.695,8.126,1995,1995-03-21,"Echnalong Bay, Burray, Orkney, Scotland, Northern Europe",Scotland,F,NA,NA,adult,"lat: 58,855386, long: -2.913441",,,
Edinburgh,1995.93.5,NA,NA,NA,NA,6.926,1995,1995-03-13,"Boddam, Aberdeenshire, Scotland, Northern Europe",Scotland,F,147.0,NA,adult,"rostrum broken, lat: 59,918643, long: -1.281383",,,
Edinburgh,1995.93.6,21.340,21.638,9.818,26.093,7.051,1995,1995-03-09,"Quarff, Shetland, Scotland, Northern Europe",Scotland,F,161.0,NA,adult,"lat:60,099121, long: -1.221388",,,
Edinburgh,1995.39.10,19.008,18.653,7.713,23.338,7.785,1994,1994-10-28,"Gourdon, Kincardineshire, Scotland, Northern Europe",Scotland,M,142.0,NA,adult,"lat: 56,832422, long:-2.274470",,,
Edinburgh,1995.39.11,20.439,20.538,8.827,24.574,7.566,1994,1994-10-14,"Fortrose, Ross and Cromarty, Scotland, Northern Europe",Scotland,M,130.0,NA,subadult,"lat: 57,574536, long:-4.100136",,,
Edinburgh,1995.40.2,19.676,19.624,9.211,24.764,7.281,1994,1994-10-23,"Porthluney Cove, Cornwall, England, Northern Europe",England,F,138.0,NA,subadult,"lat:50,23643, long: -4.843090",,,
Edinburgh,1995.40.3,22.246,21.909,10.465,27.625,7.571,1995,1995-01-24,"Aberaeron, Dyfed, Wales, Northern Europe",Wales,M,154.0,NA,adult,"lat:NA, long:NA",,,
Edinburgh,1995.40.8,24.327,24.683,10.907,28.565,8.635,1994,1994-12-05,"Marazion, Cornwall, England, Northern Europe",England,F,178.0,NA,adult,"lat:50,126763, long:-5.498473",,,
Edinburgh,1995.39.4,22.376,22.326,10.186,27.246,7.577,1994,1994-09-16,"Balephetrish, Tiree, Argyll, Scotland, Northern Europe",Scotland,F,148.0,NA,adult,"lat:56,520073, long:-6.886869",,,
Edinburgh,1995.39.5,19.241,19.013,8.916,22.766,6.386,1994,1994-09-29,"Shandwick Bay, Ross and Cromarty, Scotland, Northern Europe",Scotland,M,122.0,NA,juvenile,"lat: 57,750644, long: -3.916260",,,
Edinburgh,1995.39.6,20.734,20.862,9.620,25.740,7.888,1994,1994-09-17,"Balintore, Ross and Cromarty, Scotland, Northern Europe",Scotland,F,150.0,NA,adult,"lat: 57,764438, long: -3.895136",,,
Edinburgh,1995.39.7,20.814,20.327,9.539,25.508,7.004,1994,1994-10-23,"Saltburn, Invergordon, Ross and Cromarty, Scotland, Northern Europe",Scotland,M,122.0,NA,juvenile,"lat: 57,7078, long:-4.123812",,,
Edinburgh,1995.39.9,22.482,22.230,10.072,27.509,7.065,1994,1994-08-11,"Thorntonloch, East Lothian, Scotland, Northern Europe",Scotland,F,143.0,NA,adult,"lat:55,961522, long:-2.397448",,,
Edinburgh,1995.32.2,21.365,21.343,9.748,26.461,6.639,1994,1994-11-05,"Aberdovey, Gwynedd, Wales, Northern Europe",Wales,F,148.0,NA,adult,"lat:NA, long:NA",,,
Edinburgh,1995.32.4,NA,23.294,10.206,27.958,NA,1994,1994-12-13,"Manorbier, Dyfed, Wales, Northern Europe",Wales,F,160.0,NA,adult,"half a skull, lat:NA, long:NA",,,
Edinburgh,1995.32.5,21.187,21.205,10.001,25.573,7.403,1994,1994-11-14,"Pendine, Dyfed, Wales, Northern Europe",Wales,M,141.0,NA,adult,"lat:NA, long:NA",,,
Edinburgh,1995.32.9,21.196,20.998,9.459,26.394,7.832,1994,1994-12-30,"Bosham Harbour, West Sussex, England, Northern Europe",England,F,145.0,NA,adult,"lat:50,82324, long: -0.862052",,,
Edinburgh,1995.39.1,18.034,18.135,8.096,22.591,6.015,1994,1994-12-09,"Burghead, Morayshire, Scotland, Northern Europe",Scotland,M,104.0,NA,juvenile,"lat:57,693046, long:-3.489593",,,
Edinburgh,1995.32.3,25.276,NA,11.148,30.697,NA,1994,1994-11-03,"Aberdesach, Gwynedd, Wales, Northern Europe",Wales,F,162.0,NA,adult,"half a skull, lat:NA, long:NA",,,
Edinburgh,1997.112.11(SW1996_94),23.014,22.834,10.688,27.695,8.281,1996,1996-05-26,"Rhosselli Beach, Dyfed, Wales, Northern Europe",Wales,F,166.0,NA,adult,"lat:51,597605, long: -4.296297",,,
Edinburgh,1997.112.12,24.911,25.156,11.754,30.352,7.802,1997,1997-06-19,"Pembrey, Dyfed, Wales, Northern Europe",Wales,F,172.0,NA,adult,"lat:51,702323, long:-4.366726",,,
Edinburgh,1997.112.10(SW1996_129),22.289,22.313,10.312,27.720,7.709,1996,1996-07-31,"Crosby Sands, Merseyside, England, Northern Europe",England,M,164.0,NA,adult,"lat:53,478254, long:-3.044585
",,,
Edinburgh,1997.112.9(S1954),NA,NA,NA,NA,6.769,1996,1996-09-29,"Aberystwyth, Dyfed, Wales, Northern Europe",Wales,F,112.0,NA,juvenile,"rostrum broken, lat:52,417123, long:-4.085714",,,
Edinburgh,1997.112.8(SW1996_160),NA,24.893,11.413,NA,NA,1996,1996-10-23,"Fishguard, Dyfed, Wales, Northern Europe",Wales,F,191.0,NA,adult,"only half a skull, no ventral picture, lat:51,997003, long:-4.973740",,,
Edinburgh,1997.112.7(SW1996_107),23.753,NA,11.149,29.530,NA,1996,1996-06-24,"Ynyslas, Dyfed, Wales, Northern Europe",Wales,F,171.0,NA,adult,"only half a skull, lat: 52,532814, long:-4.051385",,,
Edinburgh,1997.112.6(SW1996_163),22.415,NA,10.006,27.863,NA,1996,1996-10-31,"Porthmadog, Gwynedd, Wales, Northern Europe",Wales,M,159.0,NA,adult,"only half a skull, lat:52,912466, long: -4.189758",,,
Edinburgh,1997.112.5(SW1996_31),19.940,20.190,9.682,26.267,6.680,1996,1996-01-28,"Port Erin, Isle of Man, Northern Europe",Isle of Man,F,131.0,NA,subadult,"lat:54,352225, long: -4,3802996",,,
Edinburgh,1996.137.75(HP4_96),18.679,18.366,8.821,22.467,7.020,1996,1996-03-25,"Tinabarna, County Wexford, Ireland, Northern Europe",Ireland,M,110.0,NA,juvenile,"lat:NA, long:NA",,,
Edinburgh,1997.112.3(SW1995_109),NA,17.632,8.129,21.127,NA,1995,1995-09-08,"Borthwen, Anglesey, Wales, Northern Europe",Wales,M,110.0,NA,juvenile,"half a skull, lat:53,35953, long:-4.562697",,,
Edinburgh,1996.137.74(HP3_96),19.172,19.099,9.036,25.123,7.230,1996,1996-02-29,"Ardmore, County Wexford, Ireland, Northern Europe",Ireland,F,137.0,NA,subadult,"lat:NA, long:NA",,,
Edinburgh,1996.137.73(HP2_96),NA,NA,NA,NA,8.438,1996,1996-02-15,"Dunmore East, County Waterford, Ireland, Northern Europe",Ireland,M,134.0,NA,juvenile,"rostrum broken, lat:NA, long:NA",,,
Edinburgh,1996.137.72(HP8_93A),21.097,20.999,10.097,25.652,7.421,NA,NA,NA,NA,NA,NA,NA,adult,"lat:NA, long:NA",,,
Edinburgh,1996.137.71(HP22),23.564,22.876,10.712,27.854,8.033,1993,1993-00-00,NA,NA,NA,NA,NA,subadult,"lat:NA, long:NA",,,
Edinburgh,1996.13.770(HP21_93),21.355,21.809,10.016,24.916,6.584,1993,1993-00-00,"Trabolgan, County Cork, Ireland",Ireland,M,122.0,NA,juvenile,"lat:NA, long:NA",,,
Edinburgh,1996.137.69(HP8_8_193),19.845,NA,9.126,24.901,6.614,1993,1993-06-06,"Bettystown, County Meath, Ireland, Northern Europe",Ireland,M,145.0,NA,subadult,"right rostrum broken, fused occipital condyles, lat:NA, long:NA",,,
Edinburgh,1996.137.68(HP6_13),19.343,18.964,9.040,24.005,6.971,1993,1993-00-00,"Inch Strand, County Kerry, Ireland, Northern Europe",Ireland,M,NA,NA,subadult,"size was mentioned as ""158.0? seems incorrect based on phase"", lat:NA, long:NA",,,
Edinburgh,1996.137.767(HP1),19.463,19.340,9.027,24.113,7.050,NA,NA,Atlantic Ocean,NA,M,NA,NA,adult," lat:NA, long:NA",,,
Edinburgh,1996.137.65(CBC14),20.288,20.507,9.113,24.687,7.613,1994,1994-01-23,Atlantic Ocean,NA,M,130.0,NA,subadult," lat:NA, long:NA",,,
Edinburgh,1996(CBC13),23.014,22.977,10.433,27.888,7.853,NA,NA,NA,NA,NA,NA,NA,NA," lat:NA, long:NA",,,
Edinburgh,1996.137.63(CBC11),19.445,19.312,9.039,23.678,6.667,NA,NA,"County Wexford, Ireland, Northern Europe",Ireland,M,121.0,NA,juvenile," lat:NA, long:NA",,,
Edinburgh,1996.137.59(CB1),20.167,19.873,9.005,25.064,7.288,NA,NA,"Dingle, County Kerry, Ireland, Northern Europe",Ireland,F,124.5,NA,juvenile,"lat:NA, long:NA",,,
Edinburgh,1996.137.61(CBC4),NA,NA,NA,NA,6.732,NA,NA,"Courtmacsherry, County Cork, Ireland, Northern Europe",Ireland,F,123.5,NA,juvenile,"rostrum broken, lat:NA, long:NA",,,
Edinburgh,1996.137.60(CBC2),20.099,20.020,9.021,24.701,7.198,NA,NA,NA,NA,M,119.0,NA,juvenile,"lat:NA, long:NA",,,
Edinburgh,1995.224.17,23.538,23.644,10.904,28.237,7.219,1995,1995-03-04,"Newgale, Dyfed, Wales, Northern Europe",Wales,F,158.0,NA,adult,"lat:NA, long:NA",,,
Edinburgh,1995.224.7(SW1995_63),20.045,NA,9.848,24.934,NA,1995,1995-06-11,"Tresarth, Dyfed, Wales, Northern Europe",Wales,M,144.0,NA,adult,"half a skull, lat:NA, long:NA",,,
Edinburgh,1995.224.6(SW1995_84),24.415,22.820,10.992,29.343,7.807,1995,1995-07-09,"Penbryn, Dyfed, Wales, Northern Europe",Wales,F,154.0,NA,adult,"right maxilla broken, lat:NA, long:NA",,,
Edinburgh,1995.224.5(SW1995_78),19.886,19.178,9.023,23.477,5.975,1995,1995-07-02,"Filey Brigg, Yorkshire, England, Northern Europe",England,M,111.0,NA,juvenile,"lat:NA, long:NA",,,
Edinburgh,1995.224.4(SW1995_57),19.501,19.772,8.834,23.494,6.277,1995,1995-05-14,"Aberystwyth, Dyfed, Wales, Northern Europe",Wales,M,138.0,NA,juvenile,"lat:NA, long:NA",,,
Edinburgh,1995.224.3(SW1995_86),25.263,24.919,11.388,30.059,NA,1995,1995-07-07,"Treandour Bay, Anglesey, Wales, Northern Europe",Wales,F,172.0,NA,adult,"very symmetrical looking skull: left occipital condyle broken, lat:NA, long:NA",,,
Edinburgh,1995.224.2(SW1995_52),21.103,21.024,10.046,26.544,6.530,1995,1995-04-20,"Seaton Carew, Teeside, England, Northern Europe",England,M,123.0,NA,juvenile,"nearly fused occipital condyles, lat:NA, long:NA",,,
Edinburgh,1995.224(SW1995_35),23.268,23.367,10.478,27.268,7.889,1995,1995-03-16,"Porthcothan, Padstow, Cornwall, England, Northern Europe",England,F,141.0,NA,subadult,"lat:NA, long:NA",,,
Edinburgh,1995.113.5,20.115,20.043,8.778,23.760,6.850,1994,1994-12-01,"St Andrews, Fife, Scotland, Northern Europe",Scotland,F,121.0,NA,juvenile,"lat:56,347699, long:-2.801657",,,
Edinburgh,1995.113.4,19.290,19.524,8.561,23.928,5.953,1995,1995-05-11,"Cromarty, Ross and Cromarty, Scotland, Northern Europe",Scotland,M,110.0,NA,juvenile,"left maxilla slightely broken, lat:57,683228, long:-4.033470",,,
Edinburgh,1995.113.3,21.407,21.613,9.188,26.558,7.248,1995,1995-04-23,"Cullen, Banffshire, Scotland, Northern Europe",Scotland,M,123.0,NA,subadult,"lat:57,693245, long: -2.831157
",,,
Edinburgh,1995.113.2,21.033,20.622,8.938,25.449,7.415,1995,1995-05-03,"Ardersier, Inverness-shire, Scotland, Northern Europe",Scotland,M,129.0,NA,subadult,"lat:57,600468, long: -4.015123
",,,
Edinburgh,1995.113.1,21.060,20.739,9.802,25.435,6.521,1995,1995-04-25,"Portessie, Buckie, Banffshire, Scotland, Northern Europe",Scotland,M,111.0,NA,juvenile,"lat:57,693479, long:-2.926780",,,
Edinburgh,1997.116.58(M1220_95),22.451,22.425,10.128,27.116,7.063,1995,1995-07-03,"Portessie, Banffshire, Scotland, Northern Europe",Scotland,F,132.0,NA,juvenile,"lat:57,687201, long: -2.932742",,,
Edinburgh,1997.116.57(M1575_95),19.486,19.621,9.183,24.793,7.199,1995,1995-08-15,"Beauly Firth, Moray Firth, North Sea, North Atlantic, ATLANTIC OCEAN",Scotland,F,119.0,NA,juvenile,"lat:57,490203, long: -4.262166",,,
Edinburgh,1997.116.55(M225_96),19.042,18.536,9.061,23.722,6.543,1996,1996-02-12,"Weisdale Voe, Shetland, Scotland, Northern Europe",Scotland,F,110.0,NA,juvenile,"lat:60,225341, long:-1.314071",,,
Edinburgh,1997.116.56(M1303_95),21.141,21.254,10.123,26.111,7.442,1995,1995-07-13,"Chanonry Point, Fortrose, Ross and Cromarty, Scotland, Northern Europe",Scotland,F,124.0,NA,juvenile,"lat:57,57401, long:-4.091760
",,,
Edinburgh,1997.116.52(M1744_95),22.176,21.216,10.096,NA,NA,1995,1995-09-04,"Aberdeen Beach, Aberdeenshire, Scotland, Northern Europ",Scotland,M,152.0,NA,adult,"ventral side of skull is missing, lat:57,15924, long:-2.077682
",,,
Edinburgh,1997.116.50(M2548_95),21.030,21.230,10.292,27.194,7.468,1995,1995-12-22,"Rosemarkie, Ross and Cromarty, Scotland, Northern Europe",Scotland,F,139.0,NA,subadult,"lat:57,600773, long:-4.103339",,,
Edinburgh,1997.116.49(M2461_95),21.574,21.264,10.111,26.719,7.311,1995,1995-12-06,"Dalchalm Beach, Brora, Sutherland, Scotland, Northern Europe",Scotland,F,131.0,NA,juvenile,"lat:58,024458, long: -3.838603",,,
Edinburgh,1997.116.45(M2335_95),21.513,21.119,9.736,25.664,7.296,1995,1995-11-17,"Myre Bay, South Walls, Orkney, Scotland, Northern Europe",Scotland,M,NA,NA,adult,"lat:58,801256, long:-3.166429",,,
Edinburgh,1997.112.18_S. W. 1997_128,20.363,19.938,9.103,25.103,7.468,1997,1997-07-30,"Borth, Dyfed, Wales, Northern Europe",Wales,F,129.0,NA,juvenile,"lat:52,491436, long:-4.052404",,,
Edinburgh,1997.112.15,24.781,24.639,11.319,28.704,7.468,1997,1997-07-17,"Fishguard, Dyfed, Wales, Northern Europe",Wales,M,160.0,NA,adult,"lat:52,003314, long:-4.991223
",,,
Edinburgh,1997.116.47,23.821,23.813,10.477,27.598,7.518,1995,1995-12-18,"Aberdeen Beach, Aberdeenshire, Scotland, Northern Europe",Scotland,M,153.0,NA,adult,"lat:57,20596, long:-2.062880
",,,
Edinburgh,1908.047,23.042,23.283,9.989,26.992,7.812,1908,1908-03-00,"Moray Firth, North Sea, North Atlantic, Atlantic Ocean",Scotland,NA,NA,NA,adult,"interesting dorsal morphology, lat:NA, long:NA",,,
Edinburgh,1929.117,25.338,25.421,11.502,30.911,8.283,1929,1929-05-08,"Achiltibuie, Ross and Cromarty, Scotland, Northern Europe",Scotland,NA,NA,NA,adult,"very slim, elongated looking skull, lat:58,023514, long:-5,355576",,,
Edinburgh,1929.119,23.270,22.749,10.288,28.057,7.596,1929,1929-09-04,"Aberlady, East Lothian, Scotland, Northern Europe",Scotland,NA,NA,NA,adult,"lat:56,01294, long:-2,861951",,,
Edinburgh,92.9,23.767,23.834,10.619,27.826,7.872,NA,NA,NA,NA,NA,NA,NA,NA,"lower jaw still attached, so measurements might be slightely off, lat:NA, long:NA",,,
Edinburgh,Z1990.15.22,22.890,22.921,9.914,26.604,8.096,1968,1968-01-19,"Silverknowes, Edinburgh, Midlothian, Scotland, Northern Europe",Scotland,NA,NA,NA,adult,"lat:55,979992, long:-3,278412
",,,
Edinburgh,IMGP0882,19.901,18.959,9.603,NA,NA,NA,NA,NA,NA,NA,NA,NA,NA,"only dorsal view available, lat:NA, long:NA",,,
Edinburgh,IMGP0883,NA,NA,NA,24.713,6.907,NA,NA,NA,NA,NA,NA,NA,NA,"only ventral view available, lat:NA, long:NA",,,
Edinburgh,Z1990.15.18,22.487,NA,10.656,26.225,NA,NA,NA,NA,NA,NA,NA,NA,NA,"only half a skull, lat:NA, long:NA",,,
Edinburgh,Z1989.23.2,NA,NA,NA,NA,8.017,1984,1984-06-08,"Fife Ness, Fife, Scotland, Northern Europe",Scotland,F,NA,NA,adult,"rostrum broken, only one measurement possible, lat:56,279465, long: -2,58411",,,
Edinburgh,1967.44,20.682,20.484,9.293,26.156,7.681,1967,1967-01-00,"Dirleton, East Lothian, Scotland, Northern Europe",Scotland,NA,NA,NA,juvenile,"lat:56,065042, long:-2,776167",,,
Edinburgh,Z1982.35,19.699,19.483,9.054,24.768,7.139,1981,1981-10-13,"Port Gordon, Morayshire, Scotland, Northern Europe",Scotland,M,NA,NA,adult,"lat:57,664415, long:-3,016027
",,,
Edinburgh,1990.15.20,22.234,21.338,10.357,27.612,7.595,NA,NA,NA,NA,NA,NA,NA,adult,"lower jaw still attached, thus measurements might be off, lat:NA, long:NA",,,
Edinburgh,1990.15.14,NA,18.338,8.718,NA,6.824,NA,NA,NA,NA,NA,NA,NA,juvenile,"rostrum broken, lowe jaw still attached so condylobasal length not measurable. lat:NA, long:NA",,,
Edinburgh,1990.15.15,20.689,21.534,10.106,27.122,7.458,NA,NA,NA,NA,NA,NA,NA,juvenile,"lat:NA, long:NA",,,
Edinburgh,Z1991.123.8,19.152,19.116,8.057,22.898,7.057,1990,1990-00-00,"Shetland, Scotland, Northern Europe",Scotland,M,125.0,NA,juvenile,"rostrum slightely broken, individual was 2 years old according to records, lat:60,402718, long:-1,23956",,,
Edinburgh,Z1991.123.9,21.856,NA,10.198,27.335,7.352,1990,1990-00-00,"Shetland, Scotland, Northern Europe",Scotland,M,143.0,NA,subadult,2year old individual according to records,,,
Edinburgh,Z1991.123.10,NA,NA,NA,NA,7.993,1990,1990-08-14,"Balmedie, Aberdeenshire, Scotland, Northern Europe",Scotland,F,146.0,NA,subadult,"rostrum too broken to measure most things, lat:57,247683, long: -2,038422",,,
